{"cameraMode":{"drawMode":0,"name":"Shaded","section":"Shading Mode"},"sceneLighting":true,"audioPlay":false,"sceneViewState":{"showFog":true,"showMaterialUpdate":false,"showSkybox":true,"showFlares":true,"showImageEffects":true,"showParticleSystems":true},"in2DMode":false,"pivot":{"x":3.22733473777771,"y":1.8940718173980713,"z":-2.5381908416748049},"rotation":{"x":-0.004702976904809475,"y":0.697393536567688,"z":-0.004214521497488022,"w":-0.7168033719062805},"size":3.045234203338623,"orthographic":false}