{"cameraMode":{"drawMode":0,"name":"Shaded","section":"Shading Mode"},"sceneLighting":true,"audioPlay":false,"sceneViewState":{"showFog":true,"showMaterialUpdate":false,"showSkybox":true,"showFlares":true,"showImageEffects":true,"showParticleSystems":true},"in2DMode":false,"pivot":{"x":2.9144036769866945,"y":0.7519999742507935,"z":-0.6162047386169434},"rotation":{"x":-0.27718251943588259,"y":0.4683377146720886,"z":-0.15726009011268617,"w":-0.8241957426071167},"size":5.253988742828369,"orthographic":false}